{
    "Aon.DF.CommonLoggingModule": {
      "Version": "1.0",
      "Environment": "DA",
      "AppID": "AR4262",
      "AppName": "US Affinity Data Foundation",
      "LogSettings": {
        "MultiLineOutput": false,
        "LogMinimumLevel": "info",
        "LogType": "console",
        "RetentionDaysCount": 30,
        "masking": true,
        "MaskElement": ["source_invoice_id","invoice_number","source_transaction_id","df_transaction_id","df_invoice_id"]
      }
    }
  }
   